{
    "SVD": {
        "RMSE": 0.8818153900106376,
        "MAE": 0.6782763293156171
    },
    "KNN": {
        "RMSE": 0.97995665962038,
        "MAE": 0.7614697475628528
    }
}