{
    "SVD": {
        "RMSE": 0.8816213665075804,
        "MAE": 0.6780933575039683
    },
    "KNN": {
        "RMSE": 0.97995665962038,
        "MAE": 0.7614697475628528
    }
}