{
    "SVD": {
        "RMSE": 0.8798050895301955,
        "MAE": 0.6772215604850481
    },
    "KNN": {
        "RMSE": 0.97995665962038,
        "MAE": 0.7614697475628528
    }
}