{
    "model_name": "SVD_bayesian_optuna",
    "metrics": {
        "rmse": 0.8585527026137761,
        "mae": 0.6585433631550035,
        "train_time": 0.8204708099365234,
        "predict_time": 0.12561964988708496,
        "optimization_time": 66.61483979225159,
        "best_cv_rmse": 0.8592424536720423
    },
    "best_params": {
        "n_factors": 94,
        "lr_all": 0.026006766464100127,
        "reg_all": 0.09366752422404014
    }
}