{
    "model_name": "SVD_bayesian_optuna",
    "metrics": {
        "rmse": 0.8566055230121662,
        "mae": 0.6568075836526716,
        "train_time": 0.9768879413604736,
        "predict_time": 0.07331132888793945,
        "optimization_time": 68.08688068389893,
        "best_cv_rmse": 0.8588639381916204
    },
    "best_params": {
        "n_factors": 142,
        "lr_all": 0.022821092676362172,
        "reg_all": 0.08390727949988777
    }
}